{"0.5386461338472999":{"user_id":3},"0.13266587384068806":{"user_id":4},"0.9233329471926159":{"user_id":3},"0.7724311488888129":{"user_id":3},"0.7735616279483615":{"user_id":4},"0.3579692286426923":{"user_id":3},"0.2526524096077649":{"user_id":3},"0.40635245534203746":{"user_id":5},"0.37092499225775155":{"user_id":3},"0.42499327394950526":{"user_id":3},"0.6942345705456388":{"user_id":5}}